Workbook

Sheet Instructions
B6: HR EXECUTIVE — EXCEL PRACTICAL EXAMINATION
B7: Route Upskill Academy
B9: CANDIDATE DETAILS
B10: Student Name: | C10: Muhammed Aflah .pk
B11: Roll No. / Employee ID:
B12: Batch: | C12: RADA05
B13: Date of Exam: | C13: 46232
B14: Start Time: | C14: 0.39583333
B15: End Time: | C15: 0.4375
B17: EXAM OVERVIEW
B18: Duration: | C18: 1 Hour (60 minutes)
B19: Total Marks: | C19: 50
B20: Sheets to attempt: | C20: 'Employee Data' and 'HR Summary Tasks'
B21: Mode: | C21: Practical (formulas must be typed into Excel, not typed as final numbers)
B23: INSTRUCTIONS TO CANDIDATES
B24: 1. | C24: This is a practical HR-data exam. Read every task carefully before answering.
B25: 2. | C25: Yellow-shaded cells are for your answers. Do not edit any other cell.
B26: 3. | C26: Wherever a calculation is asked for, write a working formula in the cell — do not type the final number by hand.
B27: 4. | C27: Do not delete, rename, or reorder any sheet, row, or column.
B28: 5. | C28: Save the file using your name before submitting (e.g. HR_Exam_YourName.xlsx).
B29: 6. | C29: You may use any built-in Excel feature except lookups that match a value from one table into another table, and except any dashboard/chart-building tools.
B30: 7. | C30: Raise your hand if you have a doubt about what a task is asking for — do not discuss with other candidates.
B32: Good luck!

Sheet Employee Data
A1: EMPLOYEE MASTER DATA & INDIVIDUAL TASKS
A2: SECTION A — TASKS ON EMPLOYEE DATA (Q1–Q8, 5 marks each = 40 marks)
A3: Fill in the yellow columns below for every employee row. Write a working formula in each cell — do not type the final answer by hand.
A4: Q1. | B4: Column L — Pull out just the first name from the Employee Name column.
A5: Q2. | B5: Column M — Work out each employee's completed years of service, counting from Date of Joining to today.
A6: Q3. | B6: Column N — Label each employee 'Senior' if years of service is 5 or more, otherwise 'Junior'.
A7: Q4. | B7: Column O — Add up Basic Salary, HRA(House rent allowence) and DA(Dearence Allowence) to get the Gross Salary.
A8: Q5. | B8: Column P — Work out what percentage of the 26 working days each employee was present.
A9: Q6. | B9: Column Q — Give a bonus of 10% of Gross Salary to employees with a Performance Rating of 4 or above, and 0 to everyone else.
A10: Q7. | B10: Column R — A small Department Reference Table is provided to the right of the data (columns T:U). For every employee, bring in the name of their Department Head from that table by matching on Department.
A11: Q8. | B11: (No column — formatting task) Apply a formatting rule so that any row where Attendance % (column P) is below 80% is highlighted automatically.
T12: DEPARTMENT REFERENCE TABLE
A13: Emp ID | B13: Employee Name | C13: Department | D13: Designation | E13: Gender | F13: Date of Joining | G13: Basic Salary | H13: HRA | I13: DA | J13: Days Present (out of 26) | K13: Performance Rating (1-5) | L13: First Name | M13: Years of Service | N13: Experience Category | O13: Gross Salary | P13: Attendance % | Q13: Bonus | R13: Department Head | T13: Department | U13: Department Head
A14: 1 | B14: Aarav Bhatt | C14: Sales | D14: Sales Executive | E14: Male | F14: 44905 | G14: 32000 | H14: 12800 | I14: 3200 | J14: 18 | K14: 2 | L14: =LEFT(B14,5) -> Aarav | M14: =RIGHT(F14) -> 5 | N14: =IF(AND(M14>5),"Senior","Junior") -> Senior | O14: =SUM(G14,H14,I14) -> 48000 | P14: =J14/26 -> 0.69230769 | Q14: =IF(P14>=80%,O14*10%,0) -> 0 | R14: Ramesh Kulkarni | T14: Sales | U14: Ramesh Kulkarni
A15: 2 | B15: Diya Bansal | C15: Marketing | D15: Marketing Associate | E15: Male | F15: 43613 | G15: 45000 | H15: 18000 | I15: 4500 | J15: 15 | K15: 1 | L15: =LEFT(B15,5) -> Diya | M15: =RIGHT(F15) -> 3 | N15: =IF(AND(M15>5),"Senior","Junior") -> Senior | O15: =SUM(G15,H15,I15) -> 67500 | P15: =J15/26 -> 0.57692308 | Q15: =IF(P15>=80%,O15*10%,0) -> 0 | R15: Anjali Deshmukh | T15: Marketing | U15: Anjali Deshmukh
A16: 3 | B16: Kabir Khan | C16: Finance | D16: Accounts Executive | E16: Male | F16: 43962 | G16: 60000 | H16: 24000 | I16: 6000 | J16: 15 | K16: 5 | L16: =LEFT(B16,5) -> Kabir | M16: =RIGHT(F16) -> 2 | N16: =IF(AND(M16>5),"Senior","Junior") -> Senior | O16: =SUM(G16,H16,I16) -> 90000 | P16: =J16/26 -> 0.57692308 | Q16: =IF(P16>=80%,O16*10%,0) -> 0 | R16: Suresh Iyengar | T16: Finance | U16: Suresh Iyengar
A17: 4 | B17: Meera Reddy | C17: Operations | D17: Ops Manager | E17: Male | F17: 44192 | G17: 60000 | H17: 24000 | I17: 6000 | J17: 19 | K17: 1 | L17: =LEFT(B17,5) -> Meera | M17: =RIGHT(F17) -> 2 | N17: =IF(AND(M17>5),"Senior","Junior") -> Senior | O17: =SUM(G17,H17,I17) -> 90000 | P17: =J17/26 -> 0.73076923 | Q17: =IF(P17>=80%,O17*10%,0) -> 0 | R17: Fatima Sheikh | T17: Operations | U17: Fatima Sheikh
A18: 5 | B18: Rohan Fernandes | C18: IT | D18: Software Engineer | E18: Female | F18: 44638 | G18: 35000 | H18: 14000 | I18: 3500 | J18: 17 | K18: 2 | L18: =LEFT(B18,5) -> Rohan | M18: =RIGHT(F18) -> 8 | N18: =IF(AND(M18>5),"Senior","Junior") -> Senior | O18: =SUM(G18,H18,I18) -> 52500 | P18: =J18/26 -> 0.65384615 | Q18: =IF(P18>=80%,O18*10%,0) -> 0 | R18: Nikhil Ranganathan | T18: IT | U18: Nikhil Ranganathan
A19: 6 | B19: Sneha Fernandes | C19: HR | D19: HR Manager | E19: Male | F19: 45652 | G19: 45000 | H19: 18000 | I19: 4500 | J19: 16 | K19: 3 | L19: =LEFT(B19,5) -> Sneha | M19: =RIGHT(F19) -> 2 | N19: =IF(AND(M19>5),"Senior","Junior") -> Senior | O19: =SUM(G19,H19,I19) -> 67500 | P19: =J19/26 -> 0.61538462 | Q19: =IF(P19>=80%,O19*10%,0) -> 0 | R19: Lakshmi Narayan | T19: HR | U19: Lakshmi Narayan
A20: 7 | B20: Vikram Verma | C20: Sales | D20: Sales Manager | E20: Male | F20: 43043 | G20: 50000 | H20: 20000 | I20: 5000 | J20: 23 | K20: 1 | L20: =LEFT(B20,5) -> Vikra | M20: =RIGHT(F20) -> 3 | N20: =IF(AND(M20>5),"Senior","Junior") -> Senior | O20: =SUM(G20,H20,I20) -> 75000 | P20: =J20/26 -> 0.88461538 | Q20: =IF(P20>=80%,O20*10%,0) -> 7500 | R20: Ramesh Kulkarni
A21: 8 | B21: Anita D'Souza | C21: Marketing | D21: Marketing Associate | E21: Female | F21: 43457 | G21: 60000 | H21: 24000 | I21: 6000 | J21: 20 | K21: 5 | L21: =LEFT(B21,5) -> Anita | M21: =RIGHT(F21) -> 7 | N21: =IF(AND(M21>5),"Senior","Junior") -> Senior | O21: =SUM(G21,H21,I21) -> 90000 | P21: =J21/26 -> 0.76923077 | Q21: =IF(P21>=80%,O21*10%,0) -> 0 | R21: Anjali Deshmukh
A22: 9 | B22: Farhan Reddy | C22: Finance | D22: Accounts Executive | E22: Male | F22: 43323 | G22: 32000 | H22: 12800 | I22: 3200 | J22: 19 | K22: 1 | L22: =LEFT(B22,5) -> Farha | M22: =RIGHT(F22) -> 3 | N22: =IF(AND(M22>5),"Senior","Junior") -> Senior | O22: =SUM(G22,H22,I22) -> 48000 | P22: =J22/26 -> 0.73076923 | Q22: =IF(P22>=80%,O22*10%,0) -> 0 | R22: Suresh Iyengar
A23: 10 | B23: Priya Singh | C23: Operations | D23: Ops Executive | E23: Female | F23: 44893 | G23: 50000 | H23: 20000 | I23: 5000 | J23: 25 | K23: 3 | L23: =LEFT(B23,5) -> Priya | M23: =RIGHT(F23) -> 3 | N23: =IF(AND(M23>5),"Senior","Junior") -> Senior | O23: =SUM(G23,H23,I23) -> 75000 | P23: =J23/26 -> 0.96153846 | Q23: =IF(P23>=80%,O23*10%,0) -> 7500 | R23: Fatima Sheikh
A24: 11 | B24: Sameer Nair | C24: IT | D24: IT Manager | E24: Female | F24: 45173 | G24: 35000 | H24: 14000 | I24: 3500 | J24: 26 | K24: 1 | L24: =LEFT(B24,5) -> Samee | M24: =RIGHT(F24) -> 3 | N24: =IF(AND(M24>5),"Senior","Junior") -> Senior | O24: =SUM(G24,H24,I24) -> 52500 | P24: =J24/26 -> 1 | Q24: =IF(P24>=80%,O24*10%,0) -> 5250 | R24: Nikhil Ranganathan
A25: 12 | B25: Neha Sen | C25: HR | D25: HR Executive | E25: Male | F25: 45362 | G25: 50000 | H25: 20000 | I25: 5000 | J25: 21 | K25: 3 | L25: =LEFT(B25,5) -> Neha | M25: =RIGHT(F25) -> 2 | N25: =IF(AND(M25>5),"Senior","Junior") -> Senior | O25: =SUM(G25,H25,I25) -> 75000 | P25: =J25/26 -> 0.80769231 | Q25: =IF(P25>=80%,O25*10%,0) -> 7500 | R25: Lakshmi Narayan
A26: 13 | B26: Arjun Bhatt | C26: Sales | D26: Sales Executive | E26: Female | F26: 45802 | G26: 32000 | H26: 12800 | I26: 3200 | J26: 15 | K26: 3 | L26: =LEFT(B26,5) -> Arjun | M26: =RIGHT(F26) -> 2 | N26: =IF(AND(M26>5),"Senior","Junior") -> Senior | O26: =SUM(G26,H26,I26) -> 48000 | P26: =J26/26 -> 0.57692308 | Q26: =IF(P26>=80%,O26*10%,0) -> 0 | R26: Ramesh Kulkarni
A27: 14 | B27: Kavya D'Souza | C27: Marketing | D27: Marketing Manager | E27: Male | F27: 45167 | G27: 60000 | H27: 24000 | I27: 6000 | J27: 26 | K27: 3 | L27: =LEFT(B27,5) -> Kavya | M27: =RIGHT(F27) -> 7 | N27: =IF(AND(M27>5),"Senior","Junior") -> Senior | O27: =SUM(G27,H27,I27) -> 90000 | P27: =J27/26 -> 1 | Q27: =IF(P27>=80%,O27*10%,0) -> 9000 | R27: Anjali Deshmukh
A28: 15 | B28: Ishaan Reddy | C28: Finance | D28: Finance Manager | E28: Female | F28: 43398 | G28: 50000 | H28: 20000 | I28: 5000 | J28: 17 | K28: 3 | L28: =LEFT(B28,5) -> Ishaa | M28: =RIGHT(F28) -> 8 | N28: =IF(AND(M28>5),"Senior","Junior") -> Senior | O28: =SUM(G28,H28,I28) -> 75000 | P28: =J28/26 -> 0.65384615 | Q28: =IF(P28>=80%,O28*10%,0) -> 0 | R28: Suresh Iyengar
A29: 16 | B29: Tanya Kapoor | C29: Operations | D29: Ops Executive | E29: Female | F29: 43637 | G29: 45000 | H29: 18000 | I29: 4500 | J29: 24 | K29: 4 | L29: =LEFT(B29,5) -> Tanya | M29: =RIGHT(F29) -> 7 | N29: =IF(AND(M29>5),"Senior","Junior") -> Senior | O29: =SUM(G29,H29,I29) -> 67500 | P29: =J29/26 -> 0.92307692 | Q29: =IF(P29>=80%,O29*10%,0) -> 6750 | R29: Fatima Sheikh
A30: 17 | B30: Yusuf Verma | C30: IT | D30: Software Engineer | E30: Male | F30: 43944 | G30: 50000 | H30: 20000 | I30: 5000 | J30: 16 | K30: 1 | L30: =LEFT(B30,5) -> Yusuf | M30: =RIGHT(F30) -> 4 | N30: =IF(AND(M30>5),"Senior","Junior") -> Senior | O30: =SUM(G30,H30,I30) -> 75000 | P30: =J30/26 -> 0.61538462 | Q30: =IF(P30>=80%,O30*10%,0) -> 0 | R30: Nikhil Ranganathan
A31: 18 | B31: Pooja Iyer | C31: HR | D31: HR Executive | E31: Male | F31: 43244 | G31: 45000 | H31: 18000 | I31: 4500 | J31: 24 | K31: 1 | L31: =LEFT(B31,5) -> Pooja | M31: =RIGHT(F31) -> 4 | N31: =IF(AND(M31>5),"Senior","Junior") -> Senior | O31: =SUM(G31,H31,I31) -> 67500 | P31: =J31/26 -> 0.92307692 | Q31: =IF(P31>=80%,O31*10%,0) -> 6750 | R31: Lakshmi Narayan
... A38: 25 | B38: Zoya Menon | C38: Sales | D38: Sales Executive | E38: Male | F38: 45681 | G38: 50000 | H38: 20000 | I38: 5000 | J38: 16 | K38: 5 | L38: =LEFT(B38,5) -> Zoya | M38: =RIGHT(F38) -> 1 | N38: =IF(AND(M38>5),"Senior","Junior") -> Senior | O38: =SUM(G38,H38,I38) -> 75000 | P38: =J38/26 -> 0.61538462 | Q38: =IF(P38>=80%,O38*10%,0) -> 0 | R38: Ramesh Kulkarni

Sheet HR Summary Tasks
A1: HR SUMMARY TASKS (Q9–Q13, 2 marks each = 10 marks)
A2: Refer to the data in the 'Employee Data' sheet to answer the questions below. Write a working formula in every yellow cell.
A5: Q9. Headcount by Department
A6: Find how many employees work in each department.
A7: Department | B7: No. of Employees
A8: Sales | B8: =COUNTIF('Employee Data'!C14:C38,'Employee Data'!C26) -> 5
A9: Marketing | B9: =COUNTIF('Employee Data'!C14:C38,'Employee Data'!C27) -> 4
A10: Finance | B10: =COUNTIF('Employee Data'!C25:C38,'Employee Data'!C28) -> 2
A11: Operations | B11: =COUNTIF('Employee Data'!C25:C38,'Employee Data'!C29) -> 2
A12: IT | B12: =COUNTIF('Employee Data'!C14:C38,'Employee Data'!C30) -> 4
A13: HR | B13: =COUNTIF('Employee Data'!C14:C38,'Employee Data'!C25) -> 4
A15: Q10. Average Gross Salary by Department
A16: Find the average Gross Salary (from Employee Data, column O) for each department.
A17: Department | B17: Avg. Gross Salary
A18: Sales
A19: Marketing
A20: Finance
A21: Operations
A22: IT
A23: HR
A25: Q11. Headcount by Gender
A26: Count how many employees are Male and how many are Female.
A27: Male
A28: Female
A30: Q12. Highest & Lowest Gross Salary
A31: Find the highest and the lowest Gross Salary across the whole company.
A32: Highest Gross Salary | B32: =MAX('Employee Data'!O14:O38) -> 90000
A33: Lowest Gross Salary | B33: =MIN('Employee Data'!O14:O38) -> 48000
A35: Q13. Employees with Low Attendance
A36: Count how many employees have Attendance % below 80%.
A37: Count of employees below 80% attendance
A39: Q14. Sorting & Filtering (Bonus — 2 marks)
A40: On the 'Employee Data' sheet: (a) turn on filter buttons for the data table, and (b) sort the whole table alphabetically A-Z by Employee Name. Do this directly on that sheet — nothing to write here.
